image_url,comments,embeddings
http://i.imgur.com/6jWVyCG.jpg,"['[if tin tin had an extra chromosome.]', '[The thought James Holmes was in jail?]', ""[Your post has been removed by one of our diligent moderators for violating our subreddits rules, if you have an issue with the removal please send\n                                             the aforementioned moderator a message [here](https://www.reddit.com/message/compose/?to=AllThingsHockey).\n\n\n\nRoastees:\n\n1. You must provide at least one high-quality picture of the roastee holding a sign with the text /r/RoastMe\n\n2. You may post on behalf of other people, provided that everyone appears in the verification photo described in rule #1.\n\n3. Your post will not appear until after it has been approved by a moderator. Please send us a message if this takes longer than 30 minutes.\n\n4. The minimum posting age is thirteen-years-old, your post will be rejected if you look younger.\n\nI am a\n                                             [bot](http://i.imgur.com/Ubhpwlg.jpg); I do not remove posts and I will not respond to replies, I am only here to inform you that a moderator has taken\n                                             action. If I'm not working properly or you have any questions about the bot you can message my owner\n                                             [here](https://www.reddit.com/message/compose/?to=kaltsoldat)]""]","[-0.07342156  0.01201961  0.00676974 -0.0295262   0.07034868 -0.00463213
  0.05410148 -0.04387856  0.00732273  0.0851563   0.07440756  0.05369863
 -0.01869952  0.0371615  -0.01681749  0.02687462  0.01582836  0.05513966
 -0.11069404  0.03029597 -0.03641666  0.0116201   0.08468112 -0.06452944
 -0.07303193 -0.02638243 -0.02642744 -0.10373479 -0.04184066 -0.05585587
 -0.08644537 -0.00549761 -0.02324503  0.00060447  0.01075388  0.05169153
  0.06625108 -0.10836696 -0.0423149  -0.01463958 -0.00148526 -0.02214861
 -0.07299908 -0.01059688 -0.01736472  0.0205088   0.06510223  0.09491406
 -0.02768847  0.01892399 -0.02404728 -0.05196104 -0.03218718  0.03135902
  0.00811562 -0.05667807 -0.08318841  0.00594573 -0.04257044 -0.00172552
  0.03620952  0.03599796  0.01581081  0.05684187 -0.01355924 -0.09147611
  0.00531873  0.00881896  0.09285168  0.05643451  0.00805526  0.00451854
  0.05288785 -0.00846366 -0.02052664 -0.00418246  0.00562146 -0.01968565
  0.05399482 -0.00053964  0.03337559  0.01916236 -0.01404051  0.00665386
 -0.01873374  0.03672834  0.06244254 -0.00216352  0.02424149 -0.02998476
 -0.02350199  0.05746751 -0.04147424  0.02692502  0.00397863  0.03447015
 -0.04831992  0.05058237 -0.04210837 -0.03774291  0.05979524  0.0024941
 -0.05608508  0.02126978 -0.04005896 -0.01177941  0.03960593 -0.03138351
 -0.04327868 -0.07856379  0.02049878 -0.0323085   0.02376056  0.01628909
 -0.00958868 -0.01182013  0.04165597 -0.0148901   0.01245897 -0.00636378
  0.06010782 -0.10323566  0.02487569 -0.01269845 -0.01641211 -0.03962952
 -0.05677453  0.0320828  -0.0580104  -0.02204158  0.01975171 -0.04544342
 -0.08679823 -0.06976628 -0.02404695 -0.0233343  -0.04870922  0.00673794
 -0.02968657  0.06100639 -0.01440193  0.0826842  -0.00215132  0.05500903
 -0.02286674  0.01556467  0.02402372  0.01667299 -0.04141032  0.02596185
 -0.02334453 -0.04311103 -0.06072726  0.00562496  0.02409886 -0.0327066
 -0.03132291  0.01080881 -0.09130847 -0.04474594  0.0310768   0.02801688
 -0.04152652  0.00462957  0.00869786 -0.03550842 -0.02809906  0.03658702
 -0.01986435 -0.04568037 -0.02510201 -0.07544657 -0.04033024  0.02340306
 -0.02918322  0.026765   -0.03069192  0.03253412 -0.01186518  0.05717951
 -0.0286578  -0.01982757  0.03422729  0.01758293  0.03320846 -0.03962852
  0.0286211  -0.03349333 -0.04136328 -0.04082054 -0.03470407  0.0019764
  0.03237279  0.0049636   0.05032636 -0.07296413 -0.03648918 -0.03304119
  0.0282027   0.0440883  -0.0109156  -0.05278048 -0.04457235 -0.01386071
 -0.02963636 -0.01290609  0.04232183  0.00894575  0.02112015 -0.00599434
 -0.03624639 -0.00705922 -0.03626484 -0.076265   -0.06703034 -0.01208202
 -0.0027743   0.09392738  0.00394015  0.06032462 -0.01552358  0.05125349
  0.09112231 -0.03385996  0.11259392  0.06969995 -0.07106405  0.0060383
 -0.0137501   0.01064261 -0.00428325  0.01221145 -0.02743275  0.0293276
  0.00369587 -0.00428332 -0.0287372  -0.06527951 -0.0039428   0.07919363
  0.01904401 -0.05049121  0.00371274  0.05739567  0.04634165 -0.00904275
 -0.03494997 -0.04361741  0.10216451 -0.0467638   0.03390318 -0.01386715
 -0.00511434  0.01691564 -0.02236917 -0.06213504 -0.04165526  0.07484677
 -0.03695134  0.05476525  0.03338253  0.0118677   0.01957023 -0.01720874
 -0.04499736  0.03275286  0.07573771 -0.03244822  0.05916399 -0.01380866
  0.03585668 -0.09505331  0.00519847 -0.05019148  0.00972157  0.0239079
 -0.00319761  0.02790976  0.0296149  -0.01329127  0.02390955  0.03893337
 -0.03313379  0.01651682 -0.0453608   0.00653562  0.00337809  0.03289763
  0.0047188  -0.03292511 -0.03282297 -0.0325072   0.0104378  -0.02128174
 -0.05765759  0.0202187  -0.00864038 -0.0051355  -0.06722284 -0.03667254
  0.0407888   0.04828208 -0.00107618  0.09178894  0.0543011  -0.07368603
 -0.03323474 -0.07976953 -0.10457198 -0.0120974   0.06972518 -0.01139837
 -0.00111632 -0.00812246  0.09663519 -0.01266541 -0.04615783  0.04446075
 -0.03940173  0.00591338 -0.00457129  0.07238561  0.03168476  0.08067641
  0.02480519 -0.00979521  0.05790169  0.07829053  0.05401962  0.02530421
  0.04691765 -0.02042079 -0.03147645  0.02013867  0.00137062 -0.02919202
  0.12820894  0.00033477 -0.01218131  0.01231777  0.05982095 -0.01874956
 -0.00708431 -0.02653168  0.0639491   0.06166235 -0.08421838  0.0267151
  0.01676829 -0.04086861  0.07398853 -0.04044339 -0.00412542 -0.0017709
 -0.00751059  0.07460408 -0.01019817 -0.00044592  0.02300386  0.01822202
  0.02014938 -0.00908399 -0.03631884  0.02413999 -0.00939405 -0.01097977
  0.04487851  0.04324461 -0.02905705 -0.00494138 -0.05103701 -0.01014376
  0.07611565  0.02743386  0.00916928  0.09470126 -0.02005251  0.02364217
 -0.04678005  0.05840655  0.04997279  0.02884077  0.00723804  0.00694758
  0.07633369 -0.00020721 -0.06391626  0.0592603  -0.04513657  0.08421108
 -0.03166984 -0.01897469 -0.0967265  -0.01158511 -0.05891377 -0.01216291
 -0.03367144 -0.10832447  0.01208676  0.02685516 -0.11654147 -0.02568975
  0.01679524  0.02604535  0.01561805  0.0184498   0.04223825 -0.00715179
  0.05953215  0.0108702  -0.00699638 -0.02866875  0.03568228  0.08249991
 -0.08922238  0.00755763  0.0113843   0.07036482  0.01042246 -0.06764147
 -0.01169869 -0.0489706  -0.03611117 -0.02493453  0.05225361  0.09592281
  0.01251167 -0.02363699 -0.02975951 -0.03396325  0.01578199  0.02384738
  0.06416577  0.0004174  -0.07963286 -0.05211543 -0.07023899 -0.00278684
 -0.07069621  0.03448621 -0.07547507 -0.01069679 -0.04439479  0.05873913
 -0.07264262  0.01805411 -0.03062344  0.01712408  0.0025264  -0.06237595
  0.04515977 -0.00243161  0.07223896 -0.03029372 -0.04231948 -0.04117867
 -0.01176882  0.0681804   0.0029791   0.01745025  0.01157885  0.00311834
  0.03540754  0.01933249  0.00795004  0.04736592  0.03240663  0.02160638
  0.00186894 -0.04530007 -0.02366661 -0.00864142  0.0230761   0.01707871
 -0.04321386  0.03024237  0.03728694  0.02597034 -0.03630132 -0.00999429
  0.08668759  0.0517537  -0.03235876 -0.01656165  0.00611251  0.06514886
  0.01427472 -0.0578214   0.08294125 -0.04026672 -0.07799243 -0.03883551
 -0.05987742  0.01355375  0.02437692 -0.09852505 -0.03368138  0.07529537
 -0.00756177 -0.01783114 -0.05641445 -0.00464412  0.02299952 -0.01444393
  0.03169878  0.01446838 -0.0299303   0.04479307  0.01143603 -0.11210869
  0.01827449  0.04876327]"
http://i.imgur.com/GZlPBWA.jpg,"['[Your face looks like a waxed vagina]', '[Could you be any more unisex?...]', ""[Looks like Borat's retarded brother Bilo\n]"", '[When I looked at this picture I said ""Oh the humanity!"" because your face looks like the Hindenburg after it caught fire.]']","[ 1.36675257e-02 -6.06031204e-03  1.34406323e-02  2.46380121e-02
  2.26191357e-02 -1.89035397e-03 -2.87117474e-02  1.07016703e-02
  3.14938426e-02  2.45159678e-02  2.58414615e-02  3.28716338e-02
  5.46032190e-02  2.70158462e-02 -6.63593560e-02  7.19323158e-02
  3.56104821e-02 -1.94382258e-02 -6.71642274e-03  1.66631974e-02
  3.92044745e-02 -3.55622801e-03  4.26604524e-02 -1.54544925e-02
 -3.25577217e-04 -5.98755814e-02  3.66169363e-02 -6.16193470e-03
  2.25508641e-02 -4.98783626e-02 -1.95847806e-02  4.18572724e-02
 -4.72374707e-02 -3.53159010e-02 -5.71244843e-02  2.01120027e-04
  3.39727029e-02 -3.29408348e-02 -5.44358743e-03 -5.28075695e-02
 -2.36012712e-02  2.30261256e-04  2.01069079e-02  2.93515231e-02
  5.02569899e-02  5.84594868e-02  2.39947140e-02 -4.75108512e-02
 -3.24029289e-02  3.19967121e-02  3.29808742e-02 -9.84266996e-02
  3.88716757e-02  4.09622453e-02 -5.10998257e-02  8.19244143e-03
 -9.60159767e-03  1.15362052e-02  3.68991196e-02 -6.00566249e-03
  4.13911715e-02 -6.71334043e-02 -5.20491824e-02  7.45069832e-02
 -7.88076222e-02  8.39687809e-02 -2.37642862e-02  5.12617305e-02
  4.28565815e-02 -8.90573207e-03 -1.98054500e-02 -1.07015625e-01
  1.15781203e-01  1.13738835e-01 -2.44808253e-02  1.74565148e-03
 -4.32167873e-02  5.16175926e-02 -3.14720981e-02 -1.41013190e-02
  8.17321092e-02  4.09137942e-02 -3.50599810e-02 -3.04747000e-02
 -6.81653805e-03  2.10007131e-02 -1.38839846e-02  1.06649203e-02
 -6.56611705e-03  3.82007323e-02 -6.29996508e-02  8.62888396e-02
  3.57959531e-02  4.43274193e-02 -7.20002651e-02  1.00335134e-02
 -4.39716093e-02  1.91003680e-02 -2.62403917e-02 -1.01804966e-02
 -2.77354773e-02  7.57436529e-02 -1.02631394e-02 -7.47575015e-02
  4.22744006e-02 -2.71882247e-02 -5.00727035e-02 -1.40948191e-01
 -9.35509875e-02 -5.85796833e-02  7.98800215e-03  3.64548550e-03
 -2.87379250e-02  2.92171817e-02  8.05093721e-02  4.06635851e-02
  2.31056157e-02  1.52879907e-02  4.60404484e-03 -2.95109265e-02
  4.90019359e-02  4.45262194e-02  1.59621076e-03 -5.39104044e-02
  5.12707159e-02 -6.58339486e-02  5.48705794e-02  1.85436476e-02
  4.97238189e-02  4.83607117e-04 -2.48880219e-02  2.95032915e-02
 -6.48329780e-02  7.49555090e-03  5.18979924e-03 -5.62046096e-03
 -4.62859347e-02 -5.94546162e-02  7.59075489e-03  8.06540344e-03
 -2.08585393e-02  5.24323201e-03 -2.80189589e-02 -1.48084238e-02
 -2.34892406e-02  9.30701941e-03  6.24336256e-03  3.52959782e-02
  8.46102685e-02 -9.61670652e-03  1.03287557e-02  6.21537492e-03
 -4.13113087e-02  8.27058312e-03  6.28563166e-02  3.45454700e-02
 -8.80949125e-02  1.80112850e-02 -1.48320952e-02 -1.36168161e-02
  4.41610254e-02  1.46106845e-02  6.55985996e-02 -3.97855006e-02
  3.36410403e-02 -8.06796551e-02 -1.81981828e-02 -1.27239004e-02
  6.32568672e-02  1.87888648e-02 -7.13113397e-02 -3.31522673e-02
 -9.34182294e-03  1.28433481e-02  2.84943171e-02  7.38779083e-04
  1.37425568e-02  5.67393266e-02  2.33630985e-02 -3.06916772e-03
  2.56314296e-02  1.73971429e-02 -7.45442882e-02 -8.70412141e-02
 -2.40299162e-02 -1.58178457e-03 -2.09357981e-02 -5.63851185e-03
 -2.35134196e-02  1.55360876e-02 -8.84570181e-03  5.08985370e-02
  4.04150151e-02  1.47177782e-02  8.13313276e-02  2.39997692e-02
 -2.18987092e-02 -1.81686748e-02  6.10274300e-02 -3.34311984e-02
  4.63474020e-02 -3.14515159e-02  5.27146384e-02  3.40686888e-02
  1.39887910e-03  7.07303211e-02  3.78258340e-02  2.34632753e-02
  7.37478510e-02 -1.35934176e-02  1.25878130e-03  8.89558867e-02
 -2.74996124e-02  6.33925423e-02  2.03117710e-02  2.00334284e-02
 -3.53196748e-02 -1.48403775e-02 -7.15591982e-02 -8.27556103e-03
  4.47993865e-03  9.04194415e-02  9.28411111e-02  1.09081008e-02
  4.86791395e-02  1.73001606e-02 -6.24100342e-02  8.20216686e-02
  4.02697735e-02  6.50730953e-02 -4.22573574e-02 -6.97851926e-02
  2.74042040e-02  8.36395752e-03 -4.92450483e-02  3.48804295e-02
 -2.97216810e-02 -9.68681127e-02  2.87093744e-02  8.06504935e-02
  2.70338263e-02  1.04168393e-01  4.94159991e-03  2.65917387e-02
 -2.87515987e-02 -1.95154790e-02 -1.17771879e-01 -4.24279124e-02
  9.56765283e-03  1.39357299e-02 -4.57243733e-02  4.00913320e-02
 -3.23158801e-02 -4.69880365e-02  1.70517843e-02 -6.92669675e-02
 -3.41355875e-02 -5.53850783e-03 -6.38718605e-02 -1.20659061e-02
 -5.31361550e-02 -2.08599623e-02 -7.25987256e-02  3.66119258e-02
 -3.18518393e-02 -3.25577445e-02  3.53923403e-02 -1.09695032e-01
  9.75343399e-03 -1.24301424e-03 -4.92014512e-02 -1.05504063e-03
  7.17485994e-02  1.96625199e-02 -2.14783940e-02  6.79774582e-02
  1.84363797e-02  2.13765670e-02  3.33709568e-02 -1.74899492e-02
 -3.23039331e-02  1.20895438e-01 -8.64166208e-03 -1.15049658e-02
  6.96228445e-02  5.42572215e-02  3.36912498e-02 -1.43763097e-02
 -9.58264340e-03 -2.71949694e-02 -2.32386924e-02  9.25678611e-02
 -1.75225008e-02  2.50485055e-02  2.48928815e-02  2.59713922e-02
  3.25118229e-02  6.43809065e-02 -2.99171102e-03  1.54364789e-05
  3.83751243e-02  1.09880790e-01 -3.85306291e-02  9.18481592e-03
 -3.47460210e-02  2.04781909e-02 -8.05650093e-03 -8.56683403e-02
 -1.48880975e-02 -5.95269576e-02  9.87601117e-04 -2.18919199e-02
 -1.53798554e-02 -3.97169739e-02  2.27494370e-02 -4.69427034e-02
  4.90639061e-02  4.52722050e-02  1.01746805e-01  2.86828298e-02
  1.26246521e-02 -3.87406573e-02 -2.04652194e-02 -6.06351392e-03
  6.14985079e-02  2.16243621e-02  2.83804312e-02  2.04287786e-02
 -3.11876480e-02 -5.93558326e-02  2.16297968e-03 -2.61132233e-02
 -8.75751860e-03 -3.48054171e-02  4.74917330e-03  8.26286804e-03
  3.15151550e-02 -9.24624056e-02  7.75618926e-02 -2.36076470e-02
  3.71978693e-02 -6.36036601e-03  4.01288681e-02 -1.70527995e-02
  2.28046495e-02 -1.31749604e-02 -4.00065072e-02  6.22212840e-03
 -3.09393816e-02  7.28014410e-02  9.80545059e-02 -2.20622439e-02
 -4.20205891e-02 -2.87573249e-03 -4.38103564e-02  1.18106399e-02
  1.70415156e-02  1.22636640e-02 -8.93412158e-02 -3.98212299e-03
  1.00178562e-01 -8.56848881e-02  8.70390981e-03  4.86632213e-02
  9.70815718e-02 -4.83009741e-02  2.94809286e-02 -5.45973005e-03
 -2.61436310e-02 -5.56988493e-02 -3.54681425e-02  1.52236400e-02
 -4.85590426e-03  1.24465209e-02  5.19038253e-02  5.93664236e-02
 -4.70394418e-02 -5.35610951e-02 -5.65849245e-02 -6.66187331e-03
 -5.00547141e-02  2.14519985e-02  5.87693080e-02  5.64198894e-03
 -6.16230965e-02 -3.16069350e-02 -7.09601864e-02  6.79361671e-02
 -4.38622460e-02 -9.06077027e-02  7.20381439e-02 -3.55941802e-02
 -2.89649516e-02 -2.64980625e-02  2.08657514e-03  2.26731580e-02
  8.78249928e-02  6.19815337e-03 -1.58722885e-02 -2.98625827e-02
 -7.15504289e-02 -3.56799131e-03  2.30838079e-02 -4.09564152e-02
  2.80889217e-02 -2.90541518e-02  6.85214670e-03  6.84230775e-02
  9.12031531e-02  1.31169520e-02  9.12312940e-02 -4.74151364e-03
 -3.23045850e-02 -1.77307390e-02 -3.35328281e-02  7.71948323e-02
 -5.46253584e-02  1.26672909e-02 -8.91728792e-03  1.94643475e-02
 -3.66569348e-02  6.23278506e-03  1.15712162e-03 -3.54198255e-02
 -8.66442025e-02  3.30465287e-02 -1.97384451e-02 -8.09644461e-02
  3.83857861e-02 -1.72302835e-02 -5.08249328e-02  2.83789560e-02
  3.64136845e-02  2.78132595e-02  3.65149230e-02 -2.60239635e-02
  3.45364287e-02 -3.98263149e-02  5.00373691e-02 -2.98238993e-02
  1.81150120e-02 -5.76352514e-03  2.76191439e-03  3.78391426e-03
 -5.36178499e-02  7.01475441e-02 -3.65962833e-02  1.30695030e-02
  1.00272387e-01 -4.36032526e-02 -2.86228373e-03 -4.01040353e-02
 -3.82199213e-02 -2.01635252e-04 -3.38311531e-02  8.97746310e-02
 -7.69812241e-03  3.41804489e-03 -1.51142245e-02  2.34105736e-02
  3.59698907e-02 -7.09950626e-02  3.67127880e-02  5.34171984e-03
 -7.65891597e-02 -3.03245131e-02 -6.91049099e-02 -9.63957515e-03
 -3.59975770e-02  1.62315369e-02  1.29785724e-02 -1.80189975e-03
 -5.79922600e-03 -1.72606893e-02 -1.66213624e-02  1.94094721e-02
  2.64777858e-02  2.92285383e-02 -2.85891946e-02 -3.45152356e-02
  1.74801014e-02 -1.59726962e-02 -6.54293150e-02 -2.73981020e-02
 -3.23008038e-02 -6.27442375e-02 -4.10052529e-03  3.51324305e-02
  5.24772778e-02 -3.32017504e-02  1.87882483e-02 -9.61657241e-02
  4.41165222e-03 -2.80996356e-02  1.41144870e-02 -3.23266536e-02
  1.77282654e-02 -1.82208400e-02  8.54231697e-03 -1.19928448e-02
  4.98364586e-03  4.03190777e-03 -2.36586127e-02 -9.68592148e-03
  2.44825576e-02  4.86304872e-02  6.26491085e-02 -4.22195457e-02
 -1.18613988e-02 -1.77730862e-02  7.87088834e-03  4.72795479e-02]"
http://i.imgur.com/jlEN8Yv.jpg,"['[You look like a raid loss away from the next Sandy hook incident]', ""[IT Specialist, Gamer, otauku, Virgin from Mother's basement]"", '[That face when you will never work for CD Projekt\n]', ""[You look like Francis (boogie2988)'s  uglier twin. ]""]","[-2.03050394e-03  2.76244339e-02 -6.15687631e-02 -2.99021024e-02
 -1.30194030e-03 -8.22864771e-02 -3.97411874e-03  8.73727873e-02
  8.23434666e-02 -4.80937436e-02 -1.80777945e-02 -5.83593063e-02
 -5.29332459e-02 -3.84125262e-02  6.86360477e-03  1.30218929e-02
  7.76002742e-03  5.30968513e-03 -2.83363443e-02 -2.45524440e-02
 -1.14172213e-02 -1.66719127e-02  7.55665172e-03  4.29213829e-02
 -7.69330701e-03 -3.21468525e-02 -1.22958131e-03 -1.43861892e-02
  6.70374706e-02  5.28993569e-02 -5.92078269e-03 -1.80946719e-02
  5.98374708e-03  3.71905454e-02  9.33446959e-02  7.70598948e-02
 -6.27650879e-03  1.27366409e-02 -5.46078151e-03  6.72537014e-02
  9.17396173e-02 -3.19404826e-02 -3.01842541e-02 -1.02539547e-02
 -2.65271887e-02 -2.31925510e-02 -9.75001305e-02  4.37235497e-02
 -8.68673176e-02  2.19308175e-02 -1.89242617e-03 -2.22721826e-02
 -2.43733954e-02  1.58473924e-02 -3.69602963e-02  3.83512005e-02
 -4.17297296e-02 -3.78569961e-02  8.90312716e-02  1.67006645e-02
 -1.37263732e-02  4.10328479e-03  2.97429580e-02  5.62243536e-02
 -7.39302253e-04 -4.93524373e-02  2.64274795e-02  4.77944091e-02
  3.33523704e-03 -3.73857617e-02 -1.50313154e-02 -6.59771413e-02
 -3.62728797e-02 -3.42918672e-02  5.70176132e-02 -5.15441895e-02
 -5.18487468e-02  5.46988845e-02  2.80742384e-02  1.06651010e-02
  8.81288424e-02  2.80508809e-02 -3.51302400e-02  6.74280748e-02
  1.40629523e-02  2.05041338e-02  5.25874086e-02  4.80362736e-02
  4.96974699e-02 -4.43596020e-02  4.94545233e-03 -1.01075517e-02
 -8.57472513e-03 -5.33030033e-02 -2.25922205e-02 -1.98870040e-02
 -4.01322022e-02 -9.98125412e-04 -6.17029890e-02 -3.62045690e-02
  3.89386974e-02  1.05218580e-02 -5.20481281e-02  6.64392933e-02
 -6.85491657e-04  2.46485751e-02  5.87867498e-02  2.50115781e-03
  7.96196759e-02 -2.26556920e-02  1.67548191e-02  5.58835194e-02
  1.86009929e-02 -3.89277041e-02  7.28968307e-02  6.29206933e-03
 -2.63729971e-02 -2.85288156e-03 -6.05811402e-02 -4.53839265e-03
  4.33728332e-03  1.49408076e-02 -4.31986265e-02 -3.39876190e-02
 -3.81711386e-02 -2.01732088e-02 -3.43456976e-02 -1.83849409e-02
 -4.48959880e-02  8.06252286e-02 -5.57883307e-02 -2.70420890e-02
  9.12827812e-03 -8.47177282e-02  8.35371092e-02  8.15987401e-03
  1.39716426e-02 -4.86133285e-02  1.56591386e-02  6.07438646e-02
  2.50770561e-02  2.63652904e-03  2.39980668e-02  5.78680523e-02
  1.95525903e-02 -3.74239124e-02 -2.75680050e-02  1.32831737e-01
 -5.67970686e-02 -8.63810480e-02  1.75648574e-02 -1.95507240e-02
  4.39174958e-02 -5.39130494e-02 -2.50886530e-02 -3.35666500e-02
 -4.47869450e-02 -8.26577656e-03 -3.13892737e-02 -6.06749542e-02
  2.74329316e-02  5.61806560e-02 -1.53706176e-03 -2.37274859e-02
  3.94876152e-02  4.32216935e-02 -6.88418299e-02  5.91734275e-02
 -4.70196269e-02  1.63428094e-02 -9.27229039e-03 -8.92605931e-02
  9.78222303e-03  4.21864353e-02  4.92016599e-02  6.55121580e-02
  2.09674490e-05 -5.93681261e-02 -2.85605453e-02 -8.39222372e-02
 -1.32604446e-02 -6.85944501e-03  3.81031968e-02  3.38941580e-03
  2.92790364e-02  3.18365954e-02 -1.93837862e-02 -4.54169698e-02
 -1.70309637e-02 -2.00222172e-02  3.93345617e-02  3.73141118e-03
  5.87820783e-02 -6.03830032e-02  1.02432780e-01 -9.98950303e-02
 -1.44008948e-02  3.42480503e-02  2.43157297e-02 -1.12207681e-02
 -5.41935265e-02 -2.87114885e-02  1.15348138e-01 -4.02822420e-02
  2.73509417e-02 -1.12291398e-02  7.32234195e-02  4.21078764e-02
  8.38407055e-02  5.27911484e-02 -1.16151078e-02  3.61560285e-02
 -9.17428657e-02 -8.94722715e-03 -8.09462462e-03 -1.94472782e-02
 -1.36654247e-02  4.18162569e-02 -3.14735323e-02 -1.53248729e-02
 -1.07579259e-03  1.21882092e-02 -7.59033635e-02 -4.20883298e-04
 -2.45657582e-02 -2.53064018e-02  9.56816506e-03  8.43831804e-03
 -9.87809747e-02 -3.72327529e-02 -7.41128176e-02 -2.92698685e-02
 -1.15501480e-02 -4.13858704e-02 -2.28419376e-04  1.88737251e-02
  1.64239798e-02  2.06634123e-02 -8.14661831e-02 -1.05554899e-02
 -3.32728215e-03 -5.72084030e-03  2.93822456e-02  8.28715391e-04
  3.61571647e-02  7.64233172e-02  1.30544612e-02  1.65730547e-02
 -2.49365643e-02 -4.59709391e-02  3.30147147e-02  6.06036223e-02
  3.88924195e-03  1.47430990e-02 -5.46482280e-02 -5.31665497e-02
 -1.06971327e-03 -1.81391370e-02 -1.59422476e-02  6.94891214e-02
  4.15641777e-02 -1.01677403e-01 -1.51328351e-02 -7.15774968e-02
 -3.70375626e-02 -1.76016670e-02  8.54431763e-02  7.94001073e-02
 -7.98093975e-02 -7.63385445e-02 -8.77136271e-03 -4.96042855e-02
 -1.01968823e-02  8.69384501e-03  1.72469299e-03 -2.90866140e-02
 -9.95928887e-03 -5.04691107e-03 -4.12644306e-03  4.52487078e-03
 -7.07764551e-02  1.99035499e-02  6.32708520e-02 -6.39250502e-03
  5.58739295e-03  2.30726376e-02  8.48258957e-02  5.20660542e-02
  2.05341801e-02 -4.10218686e-02  3.97045026e-03 -1.87723339e-02
  6.81297062e-03 -2.28678510e-02  3.13591142e-03  3.33971940e-02
  6.34907559e-02  1.03944009e-02  2.39548516e-02  3.04936208e-02
  1.84304565e-02 -3.11129410e-02 -6.70777857e-02  7.59098539e-03
 -6.70426786e-02 -1.66152809e-02  6.04332052e-02 -8.34815577e-02
  8.97343010e-02  5.01631293e-03 -5.08531816e-02 -4.57336009e-02
  3.86592522e-02 -1.20212296e-02  6.66528801e-03 -4.47879322e-02
  3.64861339e-02  7.41515495e-03  8.70661959e-02 -9.10152644e-02
 -9.41313356e-02 -2.03138310e-02  3.49256061e-02 -1.83315389e-03
 -6.47202805e-02 -1.70913991e-02  1.06957639e-02  6.58681244e-02
  3.11340969e-02  5.68790585e-02  2.40074415e-02 -2.70247739e-02
 -4.56232391e-02  1.51337394e-02  3.77396978e-02 -8.61663092e-03
 -8.93395208e-03  4.96612415e-02  2.73667811e-03  1.31447734e-02
  1.03874309e-02 -8.52342695e-02 -2.05519479e-02 -1.11121023e-02
  2.16195527e-02 -9.02865902e-02 -3.23844440e-02  6.48233145e-02
 -8.84590205e-03  4.14493866e-02  6.71376362e-02 -1.11215962e-02
 -3.14482525e-02  2.96119638e-02 -7.13673085e-02 -3.02506029e-03
 -3.40805762e-02 -1.09912222e-02 -1.21180452e-02 -3.95640396e-02
 -1.34748397e-02  4.42899242e-02 -3.00830752e-02  2.06799507e-02
 -1.39997213e-03  5.83198927e-02  6.15036003e-02  8.87362808e-02
  1.84000321e-02 -3.99213731e-02 -3.80255096e-03 -2.61045955e-02
  6.08957466e-03  7.28575606e-03 -1.25942966e-02  1.19284354e-02
  4.69873548e-02 -5.33225015e-02  3.12687606e-02  8.77447613e-03
  3.09632868e-02  2.90946364e-02 -3.10477242e-02  6.67263642e-02
  4.57992218e-02 -3.35682146e-02  3.08554340e-03  4.05145362e-02
 -1.11269634e-02 -2.77833343e-02  4.68724519e-02  4.13676724e-02
 -7.24035501e-02 -5.32075539e-02 -5.81303127e-02 -9.56296548e-02
  4.62993793e-03  1.12030655e-02  3.03004850e-02 -2.86230110e-02
  1.46639599e-02 -4.09168331e-03  2.95134038e-02  5.30233383e-02
  3.32317799e-02  4.01923917e-02  7.25501962e-03 -6.50896132e-02
  8.36203024e-02 -1.30129335e-02  4.11862023e-02  2.82910839e-02
 -3.21314335e-02 -5.47740050e-02 -8.70391652e-02 -3.31062004e-02
  6.58851815e-04 -3.91749814e-02 -3.87017503e-02 -1.71768887e-03
  3.78505439e-02  1.47152850e-02  1.54835247e-02 -1.97512098e-02
 -9.05819759e-02  1.09134358e-03  2.54603960e-02 -8.06806460e-02
 -6.54468089e-02 -2.69900765e-02  1.48853138e-02  5.43925259e-03
  1.59561485e-02  1.21323820e-02 -1.13355648e-02 -1.81315392e-02
 -2.04102304e-02 -1.49122300e-02 -3.63684893e-02  1.07426919e-01
 -7.78487399e-02 -1.63651630e-03 -4.49582469e-03  3.54608744e-02
  2.91694626e-02  2.80230623e-02 -5.60299493e-02 -1.38056464e-03
  2.31092852e-02  4.21995297e-03 -2.01952532e-02 -9.48911831e-02
  4.57949052e-03  4.19923142e-02 -4.07015607e-02  5.99636137e-02
 -5.57847768e-02  1.38964579e-02 -2.58201063e-02  4.26477492e-02
  5.81586026e-02  1.40265692e-02  4.76708040e-02 -1.84486005e-02
  1.00231869e-02 -4.56990348e-03  5.20958193e-02 -9.79439691e-02
 -8.18436593e-02  5.81474453e-02 -4.93569707e-04 -3.05594690e-02
 -2.16515251e-02 -2.37326548e-02  2.71116961e-02  1.43245280e-01
  2.69444454e-02  5.41298203e-02  3.52630801e-02 -1.69218276e-02
  1.17973387e-01 -5.74231222e-02 -8.64314362e-02  2.87699588e-02
 -9.96696763e-04 -8.14519823e-03 -4.17775214e-02  1.04678832e-02
  2.36283541e-02 -2.61993781e-02 -1.08891828e-02 -7.77318105e-02
  4.53732759e-02 -1.72059480e-02  5.87644055e-03  3.33467089e-02
 -3.19762863e-02  2.21511326e-03  2.48735235e-03 -8.70712548e-02
 -4.45918404e-02 -1.34890685e-02  2.55256183e-02 -1.42638618e-02
  2.26444975e-02 -3.14850360e-02 -1.14902416e-02  2.49672458e-02
  1.54456561e-02 -6.15262352e-02  6.61546886e-02  3.90769041e-04]"
http://i.imgur.com/VW7nzty.jpg,"['[Brush your teeth.]', '[You look like a Disney channel extra. ]', ""[Your self esteem might be high but your fluoride intake certainly isn't. ]"", '[Cum is not the best toothpaste u know...]']","[-0.06127909  0.08792338  0.03336642 -0.03175556  0.02439921 -0.0613075
 -0.01474728  0.00850256  0.01434517  0.04232512  0.03626755 -0.00727461
  0.06051566  0.00757928  0.01013966  0.02703533 -0.05841633 -0.02141615
 -0.01296488  0.01775371 -0.01828813 -0.04290651 -0.01200649  0.00467727
  0.00368294  0.00547226  0.03894508 -0.04656428  0.00650091 -0.0003045
 -0.02085643  0.05884191  0.02363466  0.03706609  0.01806202 -0.03280009
  0.05655591  0.0148604  -0.02224629  0.01881308 -0.01790849  0.01728562
 -0.05085021  0.05295198 -0.00737092  0.00514976  0.0256896   0.02926107
  0.00655893 -0.00932005 -0.1325429  -0.05131003 -0.07962734 -0.09011653
 -0.01298232  0.03612667 -0.04268318 -0.00857013 -0.01133142 -0.03947828
 -0.01134781  0.0056114   0.00211505 -0.0115227   0.03684381 -0.05311782
 -0.08064394 -0.00322835 -0.06822277  0.0121729   0.06923281  0.01414133
 -0.04447784  0.03604685  0.02182963  0.00494148 -0.03779532  0.05547426
  0.02624114 -0.09707849  0.06617213  0.03519091 -0.00693698 -0.01084368
 -0.02615777 -0.00511472  0.02450608  0.08833231  0.03119395 -0.0405913
 -0.02965199 -0.01235891 -0.05719811 -0.03151442  0.03429001 -0.06109843
 -0.01327508  0.00660014 -0.01642572 -0.03670688  0.02509462  0.0305922
 -0.04562212  0.01921996 -0.0552614  -0.02722727  0.01329575 -0.01826615
  0.00486748 -0.0212273  -0.01887562  0.00545286 -0.02298787  0.03980409
  0.00831548  0.06879862  0.00323529  0.12166753  0.04762992  0.00027989
  0.03491164 -0.05154017  0.05033755 -0.03522332 -0.00673968  0.00941882
  0.02981258  0.02821758 -0.01736782 -0.05504251  0.04525109 -0.07151798
  0.02211329  0.00307158  0.08701561 -0.04417329 -0.00044225 -0.01186956
 -0.09492616 -0.00737599 -0.01842137  0.05813664 -0.06422591 -0.00189655
  0.02561482  0.0436289   0.00220588  0.07620728  0.06013468 -0.01405841
  0.00582898  0.02726894  0.04471562 -0.00244354 -0.03595258  0.05759067
 -0.05808457 -0.04541335  0.0209762  -0.05131393 -0.06826331  0.06671292
 -0.01943602  0.03925684 -0.05464884 -0.06146944  0.00388617  0.0276002
  0.01472993 -0.00437397  0.02302074 -0.05126695 -0.03733218  0.01959869
 -0.04533896  0.02018077 -0.02362626 -0.01806237  0.02518333 -0.00362128
  0.08510406 -0.02958333  0.08137793  0.11922342  0.07096745  0.00019786
  0.00698839  0.0526958  -0.00509363 -0.04787077  0.02634366  0.04220101
  0.01333962  0.01592011  0.07198772 -0.03824152 -0.02881089 -0.05555787
  0.04565624  0.06442945 -0.01308391 -0.11034476  0.01317457  0.03642599
  0.01137296  0.05614619 -0.00104858 -0.00677918  0.04005989 -0.09523679
 -0.01327128 -0.03291414 -0.0261134   0.01040248  0.06375636 -0.01970738
  0.0373331   0.01416817  0.05731647  0.0226522  -0.0240658   0.09193631
 -0.06541461 -0.0215579   0.0451908   0.03941071  0.01284743  0.05272619
 -0.05226806  0.05666266 -0.13357039  0.00602574  0.01218505 -0.00545149
 -0.02871978  0.07880922  0.07077878  0.00379214  0.01551167  0.01844151
 -0.01076395  0.09270779 -0.01736023 -0.00327474 -0.04030664 -0.04319624
 -0.05463713 -0.02524175  0.04403432  0.02776369  0.01342696 -0.00620768
 -0.0248661   0.03812192 -0.08508362  0.03720344  0.00767831  0.06806923
 -0.01470036  0.01162441 -0.03409845 -0.04560481 -0.03788888  0.03324765
 -0.04693336 -0.0302655   0.07578426 -0.02257543  0.05866642 -0.0359088
  0.06583374 -0.01169858  0.00853934  0.05089324 -0.06250952 -0.04111355
 -0.02938651  0.03331348  0.04356215  0.02313668 -0.00036514 -0.01374651
  0.04231601  0.02978414  0.0830124   0.03206093  0.09383377 -0.07627595
  0.02337312 -0.06479856 -0.02289721  0.01583399 -0.01353564  0.06244981
 -0.00605625 -0.08888125  0.0377079   0.01285084  0.08067564  0.04987464
 -0.02959776 -0.00062172 -0.07641649  0.04440138 -0.019039    0.02646873
 -0.00064988 -0.01093943 -0.04829304  0.07322314  0.00668447  0.01601487
 -0.00040574 -0.0309297  -0.02510048 -0.00168632  0.07562405  0.02742727
  0.00947529 -0.06548073 -0.04232829 -0.01716628 -0.06909286 -0.02746819
 -0.02736934  0.00829947  0.07356232  0.06558465  0.06006855 -0.0211773
  0.00934515 -0.02010538  0.01263384 -0.05431778 -0.04030155  0.02847269
 -0.04647824 -0.01548383  0.00274048  0.00100549 -0.0430611   0.05458308
 -0.0236921   0.03939545  0.000209    0.0812532  -0.05331996  0.03738522
  0.00228147  0.07092329  0.02983018 -0.00818365 -0.01063434  0.08610553
 -0.0421288  -0.04768766 -0.01029502 -0.00014164  0.07816841 -0.04121329
 -0.03390231 -0.06545343 -0.00100454 -0.00677531  0.01666439 -0.00625183
  0.02073628  0.01139852  0.00554996  0.0839214   0.00664389  0.02785172
 -0.0168349  -0.05141396  0.05494462 -0.06189519  0.09492866 -0.06401058
 -0.00489166 -0.02041823  0.00243269 -0.08262745  0.03897344 -0.02993012
  0.00151334  0.01284983 -0.01074817  0.00759377  0.0412813  -0.01165624
 -0.05522897  0.03136195  0.02705499 -0.08890177  0.06638545 -0.01190936
  0.04231389 -0.01449537 -0.07162485 -0.01029705  0.02307145  0.00864082
  0.05337634  0.05188478  0.04721137  0.00354852 -0.02232105  0.05531466
  0.00985363  0.02340223 -0.01557817 -0.03596533 -0.04785217  0.04557756
  0.01029244  0.07331432 -0.00047819  0.00493233 -0.08626791  0.05816592
 -0.00295647  0.00493707  0.04949321  0.04387769 -0.06982641  0.00336638
  0.02891417 -0.06903975 -0.08093537  0.05313708  0.0305637  -0.00970379
 -0.06493009  0.07450335  0.01820953  0.0611729  -0.08232728 -0.03263311
  0.02642742  0.02226005  0.00203148 -0.00641155  0.04228443 -0.00956224
  0.07715722 -0.04777341  0.0065105  -0.01342046 -0.01026745  0.05771412
  0.03529428  0.00789476  0.0567817   0.04399141  0.06713156  0.08842743
 -0.02862266  0.00735942 -0.02135393 -0.04889843  0.09646916  0.01895303
  0.02069182 -0.08124704  0.00705439  0.02574067  0.00527087  0.04908542
  0.01804778  0.00446411 -0.01867277 -0.02890828 -0.0023749  -0.03440781
  0.06676086  0.05079135 -0.03478075  0.05612429  0.0065806   0.0269437
  0.06200625  0.01882378 -0.07468928  0.03632268  0.04360549 -0.0406272
  0.04831514 -0.02773649  0.05672633  0.0269377   0.01239534  0.00521936
 -0.04692516 -0.05147087 -0.02772938 -0.0892934  -0.03195454  0.03011965
  0.03766725 -0.07783329 -0.04088928  0.00322861  0.02808748 -0.03543373
 -0.09512785 -0.0364075  -0.11227239 -0.021711    0.00966918 -0.01684926
  0.04391425  0.11231948]"
http://i.imgur.com/JoGPO0V.jpg,"['[good to see middle class suburban white kids acting like they are from the ghetto]', '[You look like the kind of guy who puts all his restraining orders on the fridge for his parents to see]', '[How does it feel to be a walking talking advertisement for abortions. ]', '[Your face gives the impression that you have fingers in your ass ]']","[-7.96194524e-02  6.49251714e-02 -1.76537372e-02 -2.66322996e-02
  3.16829048e-02 -3.60548981e-02 -9.50675050e-04  5.19371927e-02
  6.82382658e-02  6.65367395e-02  6.07332364e-02  3.56142335e-02
  4.07551229e-02  4.11623381e-02 -6.76919445e-02  8.51095617e-02
  7.10036745e-03 -4.29520532e-02 -5.69234267e-02 -2.39426047e-02
  1.40601220e-02 -3.66947651e-02 -5.40714897e-03 -7.74916336e-02
 -2.84103281e-03 -4.67504412e-02 -5.95221631e-02 -1.94728561e-02
  1.99544374e-02  2.86821201e-02 -7.62085170e-02  4.05414077e-03
  1.93573963e-02 -2.36747563e-02 -7.63305405e-04  7.04877079e-02
  4.93897647e-02 -4.82621640e-02 -6.12879470e-02  3.78401615e-02
 -9.06454306e-03 -1.47328274e-02 -1.86060742e-02  6.26535192e-02
 -3.99746373e-02  9.36042517e-03  3.80381756e-03  6.62532002e-02
 -1.69528015e-02 -1.27222752e-02 -1.29702119e-02 -1.52524725e-01
 -7.50961807e-03 -5.64958081e-02 -2.35064654e-03  2.20153909e-02
 -1.06223688e-01  6.52925372e-02 -4.37999889e-03 -5.32468334e-02
  4.49731424e-02 -5.70042850e-03 -8.37174430e-02 -1.87977101e-03
 -8.96200016e-02 -7.54673965e-03 -1.09203625e-04  6.11019917e-02
  1.50601184e-02  1.92984026e-02  2.40362193e-02 -5.41163832e-02
  1.83465946e-02 -1.54736228e-02  3.52039896e-02 -4.70388047e-02
 -1.99676142e-03  1.23003043e-01  4.99762036e-02  2.90884469e-02
 -1.29964948e-03 -2.34148186e-02  1.17747337e-02 -2.22014748e-02
 -7.04873865e-03 -2.11319365e-02  3.22370939e-02  7.68265799e-02
  1.89739652e-03 -1.49458172e-02 -3.12956087e-02  7.31278118e-03
 -2.95841154e-02 -3.96750029e-03  7.63048697e-03 -4.64942120e-03
  8.38088393e-02  1.50264250e-02 -1.99071188e-02  9.39732045e-02
  1.35388384e-02  3.34833078e-02  7.53230695e-03 -6.18166104e-03
 -1.02684600e-02  5.04241697e-03  4.91554402e-02 -3.31930071e-02
  4.35105637e-02 -1.61036346e-02  2.39662807e-02 -1.14668207e-02
  5.83273433e-02 -2.82816961e-02 -7.09736254e-03  1.43961068e-02
  8.76107663e-02  3.40124629e-02  2.42176708e-02 -1.94463562e-02
  7.67171532e-02 -1.09979622e-02 -7.48360753e-02  1.44815380e-02
  1.25465523e-02 -6.42735213e-02  1.23341549e-02  6.19898550e-02
 -9.97382565e-04  2.69205421e-02 -1.91619117e-02 -2.51555592e-02
  2.62136571e-02 -1.89762507e-02  6.05984479e-02  5.86064393e-03
  7.10568056e-02  2.26981714e-02  4.16618586e-02  4.61702757e-02
  7.75216799e-03 -4.43060994e-02 -4.21076939e-02  6.17121300e-03
  2.11145729e-02  6.53893575e-02 -2.81761345e-02  2.63638906e-02
  1.87794194e-02 -2.40468532e-02  2.11293194e-02 -5.15704490e-02
 -3.47778834e-02 -2.58608162e-02  5.73962033e-02 -2.76417769e-02
 -2.29549408e-02  2.28682905e-02 -6.91606849e-02  2.46935021e-02
  2.99720629e-03 -1.21449856e-02  1.71767119e-02  3.44156660e-02
  3.68211418e-02 -3.60000283e-02  5.75158894e-02 -1.12680672e-03
 -2.03092750e-02  2.88885850e-02  2.66176108e-02 -5.86728603e-02
 -1.02672689e-02  5.95771596e-02 -1.11585006e-03 -3.87883303e-03
  5.50980717e-02  4.82524699e-03 -4.07379419e-02 -3.27580161e-02
  4.39830609e-02 -8.78699776e-03 -3.18496749e-02  3.72182503e-02
  2.30506640e-02  5.38891666e-02 -8.44550785e-03 -9.56935529e-03
 -2.80858632e-02  8.46261438e-03 -6.15721103e-03  3.89775671e-02
  1.18334601e-02 -2.47614980e-02  1.04281642e-01  4.27253358e-02
 -2.11471561e-02  5.07749803e-02  1.01180403e-02 -1.48412976e-02
 -2.65199393e-02 -6.61135018e-02  6.35333434e-02 -4.82658669e-02
 -3.04688839e-03  1.08957551e-02  5.33577986e-02  2.89324969e-02
  5.40615618e-02 -5.29796332e-02 -4.26653139e-02 -3.60976569e-02
  4.74129766e-02  5.20290434e-03  5.25626317e-02  3.18548903e-02
 -3.01535577e-02  1.26826502e-02 -2.78924573e-02 -3.71184805e-03
  1.54794781e-02  7.22705424e-02  3.19110714e-02 -4.12471220e-02
 -2.18217005e-03  3.35643478e-02 -7.76127428e-02 -1.72491949e-02
 -1.92244332e-02  5.89397587e-02 -1.25885800e-01  4.78854217e-03
 -9.79001671e-02 -2.54756175e-02 -2.22211350e-02  7.83863440e-02
  3.23579237e-02 -8.61571208e-02 -2.59655379e-02  4.25363965e-02
 -1.49077978e-02  8.80071521e-02  3.25573869e-02 -8.13946873e-03
  5.13759740e-02  1.45812798e-02 -1.67568643e-02 -3.36643383e-02
  8.73883441e-02 -3.33039090e-02 -8.37248284e-03  5.61597981e-02
 -4.36078422e-02 -8.37900043e-02 -4.47505713e-02 -6.49104547e-03
  2.47969269e-03 -2.78428849e-03 -2.18380485e-02  1.19429594e-02
 -3.07121966e-02  2.86340527e-02 -3.39266397e-02  2.74956375e-02
 -4.89710923e-03 -4.90128733e-02  2.74418592e-02 -2.23190095e-02
 -1.45033635e-02 -6.08972684e-02 -3.21630053e-02 -1.83332562e-02
 -5.24177812e-02  4.21006158e-02 -7.60668740e-02 -4.15507108e-02
  5.14546707e-02 -1.35668078e-02  7.14631751e-03 -3.81270535e-02
  5.24999984e-02  1.05959147e-01  1.71709340e-02  2.90212613e-02
  7.37052411e-02 -9.86355077e-03  2.37179380e-02  2.27020327e-02
 -2.36607324e-02 -6.09757900e-02 -2.38467455e-02  9.27945599e-03
 -7.64406007e-03  4.07271795e-02 -1.54270679e-02  8.55706539e-03
  5.22541478e-02  3.74639221e-02  2.40329225e-02  6.82873130e-02
 -7.66747957e-03  6.61776736e-02 -6.53934032e-02  3.40808928e-02
 -5.97533993e-02  3.89324427e-02  3.95375639e-02 -1.08022399e-01
 -1.90155227e-02  8.30588164e-04 -2.87927650e-02  2.08814386e-02
 -7.53123779e-04 -1.09158114e-01  4.96941172e-02 -3.98672074e-02
  5.84214814e-02  2.16076281e-02  9.96468309e-03 -8.81441236e-02
 -3.78923416e-02  5.24709374e-02 -9.39673409e-02 -2.90477294e-02
 -3.94571424e-02  4.11305688e-02 -3.22945341e-02  9.74183381e-02
  2.96127573e-02  3.86085268e-03  6.96345717e-02  7.24600405e-02
 -3.35179456e-02 -2.44568083e-02 -1.39062200e-02  2.00277637e-03
 -1.57511383e-02 -7.10587483e-03 -1.95550472e-02 -2.82391366e-02
  4.96388040e-02  5.56657203e-02  1.30312447e-03  2.62341667e-02
  1.76348090e-02  1.61230210e-02 -1.08985722e-01 -1.65945906e-02
 -1.60427652e-02 -8.33496898e-02  5.18657565e-02 -2.17246283e-02
 -1.50018958e-02  1.87111497e-02 -2.08114646e-02 -6.57269508e-02
  2.83750426e-02  6.16619997e-02  3.34644411e-03 -3.73151004e-02
 -2.15327330e-02  4.45158258e-02 -9.33042169e-02 -9.79648158e-03
  8.18519574e-03 -2.66110562e-02  2.26513483e-02  1.97996702e-02
 -5.61675653e-02 -2.49326658e-02 -6.89590257e-03 -4.16084714e-02
  1.11318240e-03  4.30083275e-02 -2.27652248e-02 -4.74539250e-02
 -1.98367480e-02  2.67284028e-02 -7.29165375e-02 -4.73787263e-02
  1.07200742e-02 -1.65311135e-02  1.45859374e-02  2.98817027e-02
  3.31145413e-02 -3.75505313e-02 -7.67391026e-02  1.24947866e-02
 -6.83846250e-02  6.99197641e-03  7.84419477e-02 -1.51971346e-02
 -6.93564955e-03 -3.74556631e-02 -5.60918972e-02 -5.99290095e-02
  7.66499043e-02 -6.69272169e-02  7.34651461e-02  1.78975780e-02
 -1.81330144e-02  8.35860372e-02  3.25130709e-02  1.05820242e-02
  3.37277614e-02  3.96199860e-02  3.66184674e-02 -4.50548567e-02
  1.02378897e-01  4.48394716e-02  1.92293171e-02 -3.76132429e-02
 -2.76981462e-02 -4.46286462e-02 -3.18567269e-02  9.08280462e-02
  3.39155532e-02  3.40532511e-02 -7.98796210e-03  1.57575181e-03
  8.29984397e-02 -2.97906119e-02  5.45215718e-02 -3.86517048e-02
 -2.72582080e-02  6.70691282e-02 -4.28838219e-04 -7.85737708e-02
 -4.15102914e-02  2.14729887e-02  2.35093385e-03 -5.76324528e-03
 -1.91977080e-02  1.58462320e-02  6.46858737e-02 -8.57190881e-03
 -2.41046287e-02 -3.36395390e-03 -3.36708426e-02  3.21904868e-02
  3.57462354e-02 -4.44030622e-03  3.57071757e-02  9.73081663e-02
 -2.06619371e-02  1.30276876e-02 -6.28658459e-02 -1.45256920e-02
  4.64304574e-02 -4.35904376e-02  5.41530326e-02 -5.85389063e-02
 -3.54606137e-02  1.58045720e-02  5.21410219e-02  3.10226600e-03
 -3.13168578e-02 -2.66232118e-02  2.18508276e-03 -3.97048332e-02
  1.16222352e-01  2.96458304e-02  5.99315427e-02 -6.30599856e-02
  2.39120703e-02  1.10591576e-02  2.34646890e-02  6.57988992e-03
 -7.79518038e-02 -5.08529656e-02 -3.83201540e-02 -5.92464469e-02
  2.55083013e-02 -3.53621170e-02  1.85769387e-02  5.94755374e-02
 -6.95792958e-03  2.60557290e-02  4.92222682e-02  4.35503051e-02
  2.42378074e-03  3.84487361e-02 -1.08390920e-01 -2.03593783e-02
 -4.12552326e-04 -1.96119491e-02  4.82311938e-03 -1.38262203e-02
  5.58590889e-03 -1.83103867e-02  4.21260223e-02  2.85593700e-02
 -4.99029644e-02 -1.11605190e-02 -7.95968750e-04 -2.42352206e-03
 -3.51802655e-03  5.00972718e-02  9.92359966e-03 -7.78776482e-02
 -7.19486624e-02  6.05108365e-02  8.27245861e-02 -9.87742022e-02
  2.69806851e-02  2.02429462e-02 -2.96225064e-02 -4.13573869e-02
  1.51894102e-03 -2.47861166e-02  4.51786956e-03  1.09131604e-01]"
http://i.imgur.com/r1LNYXL.jpg,"['[News: The Beastie Boys replaced MCA with Justin Bieber. ]', '[This looks like Training Day for ""what do I do with my hands.""]', '[They look like three amputees forced to wear broken Eastern European prosthetic arms.]', '[The picture I will show feminists worried about patriarchy from now on]']","[-9.72147845e-03 -1.38488160e-02  9.61090624e-03  8.42523500e-02
  3.75804119e-02  1.30149573e-01 -4.66469824e-02  4.00017798e-02
  1.26441605e-02  1.83481630e-02 -4.17679772e-02  7.10539371e-02
 -4.23617661e-02  4.97856513e-02 -1.58919301e-02  3.56525066e-03
  1.02406172e-02  4.70159948e-02  1.32997707e-02 -8.68235379e-02
 -5.00692502e-02  4.36336473e-02  7.99233690e-02 -1.14061125e-02
  2.46019270e-02 -1.53791560e-02 -1.10747395e-02  2.05858778e-02
  3.36976186e-03 -4.18035537e-02 -2.72783749e-02  3.65648628e-03
  1.28414370e-02 -3.50864627e-03 -1.45723522e-02  8.56164023e-02
  6.66754693e-02 -6.75137108e-03 -7.03343302e-02 -8.51644296e-03
  5.44939861e-02  3.96852102e-03  2.21131127e-02 -4.05628085e-02
  3.45017314e-02 -5.33239916e-03  5.92238232e-02  3.98820676e-02
 -6.75863102e-02 -3.20269614e-02  6.30299821e-02 -7.92168640e-03
  8.67199376e-02  2.53275819e-02 -8.75441637e-03  3.73059995e-02
 -1.89979281e-02  8.78069624e-02  5.03186844e-02 -2.83033922e-02
 -2.36465856e-02 -5.79650290e-02 -2.47903094e-02 -4.89472132e-03
 -9.07738060e-02  4.81697842e-02  2.38675624e-02  9.18865576e-02
  5.93981259e-02 -1.02863349e-02  6.89420896e-03 -4.46374044e-02
  5.01682945e-02  3.50095853e-02  5.39605133e-02 -4.93447930e-02
 -3.24346945e-02  6.16973452e-02 -3.66485044e-02 -8.77287518e-03
  8.02597180e-02  2.19855048e-02  2.14146227e-02 -1.14565799e-02
 -6.43238574e-02  1.13777041e-01 -8.79734941e-03 -3.92007753e-02
 -3.78649011e-02  2.70056166e-02 -1.08811259e-02  9.97892395e-02
  1.93366986e-02 -7.22378911e-03 -5.85820712e-03  5.11629768e-02
  4.66996944e-03  2.88807023e-02 -4.47636917e-02  2.02249810e-02
  3.10924891e-02  2.90242787e-02  6.66342862e-03 -8.16933289e-02
  3.57006192e-02 -2.05151713e-03  9.17139463e-03 -1.11490063e-01
 -4.65897582e-02 -6.28972873e-02  3.99319418e-02  3.37172374e-02
 -2.29585059e-02 -1.82913542e-02  7.63721913e-02  5.77171780e-02
  9.74456221e-02 -3.90819982e-02 -2.27298494e-02 -7.87983742e-03
 -3.09894774e-02  4.75569479e-02  4.68275137e-02 -5.21387234e-02
 -3.75851500e-03 -7.08860904e-02  2.43509170e-02  3.15152742e-02
  2.01326590e-02 -4.81868796e-02  3.24336737e-02  3.30952108e-02
 -4.33844887e-03 -2.91513782e-02 -5.09683713e-02  2.58470979e-02
 -2.82575842e-02 -1.83316041e-02  6.11456372e-02  2.01327857e-02
 -2.95642819e-02 -2.31529120e-02  4.84073497e-02  3.02670971e-02
  4.25041765e-02 -1.63155049e-02 -1.44681800e-02  2.77378727e-02
  4.39701304e-02 -5.16778752e-02  4.86607179e-02 -3.91407721e-02
 -6.79411218e-02 -1.10411737e-02  1.63128227e-02  1.92432366e-02
 -2.39600167e-02  3.45306583e-02 -2.52872854e-02 -4.26610708e-02
  1.07573839e-02  7.38949627e-02  1.79256015e-02 -2.19857283e-02
  3.03650405e-02  2.14902014e-02 -1.25143677e-01 -4.56110239e-02
 -4.49869111e-02  1.03348374e-01 -5.83007596e-02 -4.21930104e-02
  7.24343164e-03  3.48035097e-02  8.49586576e-02 -1.73142031e-02
  4.56830151e-02  9.51937493e-03 -7.21738040e-02  1.24233356e-02
 -5.38794845e-02  5.84547408e-02 -2.26693861e-02 -1.62340533e-02
 -3.24515137e-03 -4.97992970e-02  6.42473847e-02  9.71565396e-03
  1.08626790e-01  3.61073837e-02  6.29194006e-02  7.53434822e-02
  4.63184118e-02  1.48803117e-02  1.56935062e-02  1.52988024e-02
 -5.83482860e-03  2.95950267e-02 -1.08786104e-02  3.95827740e-03
  5.92030305e-03 -1.85303856e-02  7.29521364e-02  1.26431156e-02
  1.21014155e-02 -5.64868469e-03  4.19544391e-02  6.75773174e-02
  4.11617197e-02  6.00009551e-03 -6.39717728e-02  2.32502166e-03
 -9.77587770e-04  5.70222326e-02  8.50510225e-03  3.61404680e-02
 -1.30296778e-02 -8.74611177e-03 -9.01353136e-02 -1.18558994e-02
 -6.59930035e-02 -1.91903450e-02  3.98294069e-02 -5.73355965e-02
 -4.14903462e-02  6.05065078e-02 -4.77308817e-02  1.99772101e-02
  5.19065075e-02  3.59697640e-02  4.13419567e-02  2.29994990e-02
 -8.39398149e-03  2.99738441e-02 -9.98593494e-03 -3.12294494e-02
  1.22106420e-02 -6.77571967e-02  5.39759872e-03  3.19490731e-02
 -1.09573387e-01  2.55860183e-02  5.08409850e-02  3.63803767e-02
  2.69928072e-02  9.24685504e-03  4.94734570e-03 -5.62133379e-02
 -2.41883751e-02  4.07262258e-02  4.32989225e-02 -7.52261141e-03
  1.62063446e-02  1.20369717e-02  2.58792471e-02 -3.19238603e-02
 -3.42746153e-02 -1.02012083e-02  7.01871421e-03  5.43528683e-02
  4.15572198e-04  2.32226904e-02  2.26274226e-02 -2.18053069e-02
 -1.00035109e-01 -4.91170436e-02  6.50606528e-02 -1.14720594e-02
  3.98792978e-03  3.60616148e-02 -7.78507069e-02  1.65216085e-02
 -3.60544063e-02 -1.45847863e-02 -1.45297321e-02 -8.48810747e-02
 -2.61190031e-02  2.76174862e-02  5.99947833e-02  3.45777906e-02
 -1.94978584e-02  6.95695803e-02 -6.99475557e-02 -5.46593033e-02
 -2.86555607e-02  2.65116598e-02  3.41296429e-03  1.98437367e-02
  4.51413216e-04 -5.20035811e-02  4.43354398e-02  3.62476110e-02
  2.20371857e-02  2.89375503e-02 -2.60185860e-02  3.13471854e-02
  1.99965537e-02  7.49118701e-02 -2.97955815e-02 -1.19068287e-02
  2.07386054e-02  3.36450711e-02  3.43534304e-03  1.12641849e-01
  5.29512353e-02 -6.84466809e-02 -4.47995365e-02 -2.51107682e-02
  2.69069965e-03 -3.19417119e-02 -4.65790648e-03  4.44808193e-02
 -2.29352266e-02  7.18732774e-02  7.10750967e-02  3.50483768e-02
  3.40791084e-02  1.36474436e-02  5.30119389e-02  4.83098328e-02
  1.06976360e-01 -1.10915611e-02 -5.64876827e-04  5.13422005e-02
  1.10077504e-02  5.23261577e-02  1.09431082e-02 -4.14851904e-02
  1.79953016e-02  1.99456681e-02 -9.76057816e-03 -3.58356051e-02
  1.67098008e-02 -6.16848543e-02 -3.38181295e-02  1.89337879e-02
  9.41420943e-02  5.41965701e-02  3.36791649e-02 -3.82570550e-02
  2.41830088e-02 -4.22316454e-02  2.21949108e-02 -1.97667405e-02
  1.68842711e-02 -7.39158094e-02 -3.47262882e-02  7.29425997e-02
  2.83972863e-02 -1.48631968e-02  5.24329394e-02  1.16601540e-02
 -8.69557336e-02  8.33655067e-04 -7.82162999e-04  3.32249259e-03
  3.47702093e-02  2.77649332e-02 -8.65960792e-02  2.50732619e-02
  6.29644915e-02 -3.61791477e-02  2.09736661e-03  1.43702831e-02
 -1.31331207e-02  6.37219893e-03 -1.68568734e-02  1.89753585e-02
  2.45464258e-02 -1.37770092e-02 -2.77249273e-02 -4.95490804e-03
 -2.11871564e-02 -2.21162252e-02  1.38860950e-02  8.51358175e-02
 -4.53905128e-02 -2.81433165e-02  6.51945770e-02  2.82165445e-02
 -8.36097524e-02  2.87376549e-02  3.26988958e-02  3.24835815e-02
  1.83265805e-02 -6.80089593e-02 -6.46065176e-02 -2.95756124e-02
 -2.97040399e-02 -7.37595260e-02  2.09758710e-03  3.92657369e-02
  7.22034350e-02 -1.98359266e-02 -5.26076518e-02 -7.77203459e-05
  5.82658201e-02  2.70062331e-02  9.14247185e-02  7.76073337e-02
 -8.06370527e-02 -1.36149731e-02 -1.72638688e-02 -2.57980675e-02
  3.00020557e-02 -4.90099080e-02  2.91330237e-02  5.24182292e-03
  1.16180614e-01  7.50451088e-02  5.96260764e-02 -5.30049354e-02
  2.18018163e-02 -2.50442652e-03 -4.95049879e-02  2.39424221e-03
 -2.92227305e-02 -5.29432520e-02  3.53666507e-02 -8.13795328e-02
  2.88016181e-02  4.22498677e-03  1.88270044e-02 -1.43531673e-02
 -9.79542583e-02 -9.92449233e-04 -8.14475212e-03  5.33290859e-03
 -2.47537810e-02 -1.05078705e-01  3.10475901e-02  7.63685256e-02
  1.71737652e-02 -2.20220890e-02  1.24463241e-03 -2.54281927e-02
  1.73641276e-02 -3.26461308e-02 -2.98149791e-02 -8.19211006e-02
 -3.82380150e-02 -2.07812116e-02 -2.95425137e-03  7.71533838e-03
 -4.59642373e-02  4.59020622e-02 -1.10776298e-01  3.48773859e-02
  5.17143905e-02 -9.26098228e-02  1.34710865e-02  5.95331145e-03
 -4.75770831e-02 -1.70255192e-02  6.68087136e-03  1.95872542e-02
  1.14338659e-02  3.13905515e-02  8.22715238e-02  1.82048306e-02
 -2.96717975e-02  1.01493318e-02 -1.58437453e-02  2.97405887e-02
 -2.14956682e-02 -6.69180676e-02 -6.04720116e-02 -1.60108265e-02
 -1.98545810e-02  6.62318543e-02 -2.66889241e-02 -7.14167953e-02
 -2.86900476e-02  1.11835161e-02 -2.28398759e-02  4.84477403e-03
  9.50169861e-02  4.28146217e-03  2.32378654e-02  7.78274983e-02
  4.82640378e-02  1.96105205e-02 -5.58648258e-02 -5.44816740e-02
 -5.81263565e-03 -1.86410248e-02 -2.05941834e-02  1.14585122e-03
  3.43290530e-02 -1.65943876e-02 -6.90134466e-02 -3.70558873e-02
 -2.32449863e-02 -5.56007400e-03  3.89263220e-02 -7.10956845e-03
 -4.08568792e-03  5.72114922e-02  3.77421035e-03  5.71352020e-02
 -8.97625752e-04  2.00535497e-03  4.23961766e-02  7.17773382e-03
  1.92772150e-02 -3.89629826e-02  3.22137848e-02 -1.16534512e-02
  5.42304479e-02 -9.01857298e-03 -2.45352704e-02 -1.08018136e-02]"
http://i.imgur.com/1BnJzGZ.jpg,"[""[megamind eventually moved out of his mom's basement. ]"", '[Ah, fetal alcohol syndrome rears its ugly head again.]', ""[You're probably too hell bent on watching anime and listening to Insane Clown Posse to realize that you're probably going to be single forever. It's okay, I'm sure you're mom will still support you and probably make you feel better about being such a homeless looking, dickhead. ]"", '[The only girls you will ever get weigh twice your weight and drink twice as much]']","[-0.02427896  0.01563997 -0.00085263  0.0016373   0.06610981 -0.009581
  0.01084964  0.00405261  0.06630815  0.00202408 -0.0020901  -0.04286018
 -0.06285157 -0.0020585  -0.04325341 -0.01661862 -0.04078651 -0.0031627
 -0.00598767 -0.05980587 -0.04285015  0.03719954  0.0443196  -0.00792662
 -0.04472946 -0.0574141   0.00902797 -0.04766078 -0.05320992  0.04439137
 -0.04832688  0.02769326  0.02390802  0.0106899   0.06052281  0.09763009
  0.06084385  0.04377486 -0.05336095  0.01433711  0.01760394  0.01580202
  0.00381006  0.01773794  0.01074423  0.007464   -0.05918545  0.00379123
 -0.07177614 -0.01628441  0.05979975 -0.07428275 -0.05056567  0.05755257
 -0.05087449  0.02904101  0.00857469  0.01978726  0.0739186   0.0029064
  0.01620842 -0.07151312  0.04969203 -0.06733971 -0.02139866  0.03850503
  0.02639035  0.04289364  0.04684615  0.03897116  0.00489423 -0.07509666
  0.08067542 -0.04038831  0.05850946 -0.03115064 -0.02392273  0.08209611
  0.01028856  0.09414141  0.06312699  0.04453009  0.0608884   0.00843124
 -0.00643443  0.0620796   0.01026687 -0.00511563  0.03360108  0.00903407
 -0.04509446  0.05658859  0.02861183 -0.02486524 -0.04893438 -0.0741846
 -0.02058897  0.0574411  -0.05368808 -0.00259073  0.05946819  0.01414414
 -0.02958981  0.00760729  0.0179927   0.05795279  0.06334089 -0.06868503
 -0.00564668 -0.07225015 -0.05222371  0.03562327 -0.00290256 -0.05176605
  0.03933543  0.01036634  0.05435086 -0.00034938  0.02871258 -0.01880173
 -0.05478968 -0.01729754 -0.04197841  0.01193205 -0.00573852 -0.07698002
 -0.05298631  0.02954544  0.01459951  0.06763259 -0.02932592 -0.04006568
  0.01050586 -0.0177618   0.03257546  0.01896174 -0.01023049 -0.02808462
 -0.02309344  0.04872437  0.02750841  0.0520809  -0.01808659  0.08823635
  0.00296618  0.02064463 -0.02704206  0.05007754 -0.00751608  0.02376574
 -0.00087294 -0.065377   -0.06562459 -0.003597   -0.04513206 -0.02031348
 -0.05671388  0.03653699 -0.06203687 -0.08031295  0.02971886  0.03095869
 -0.05937357 -0.02102892  0.01888815 -0.03102693 -0.05750881 -0.0179916
  0.03359008  0.04070277  0.00843416 -0.08132128 -0.04348497  0.06926005
  0.01976343  0.03183148  0.08730352 -0.04824071 -0.05550161 -0.09432887
  0.03711775  0.04921438  0.01273354 -0.00286699  0.0129801   0.02716424
  0.05351854 -0.00089813  0.02762269  0.02074886  0.0484851   0.03581052
  0.05015554  0.03387953  0.09156619 -0.05573019  0.00263362  0.07862063
  0.02487365  0.0373897  -0.05375738  0.00601203  0.07568993  0.03355929
  0.04027975  0.06013288  0.09825357  0.0372057   0.10888813  0.03900538
  0.00329312 -0.04562803 -0.06138933  0.02754434 -0.0263974   0.00030099
 -0.03438992 -0.00255826 -0.03338798  0.09632609 -0.01479849  0.00320407
  0.01135844 -0.01342214 -0.02239356  0.00207835 -0.05237414  0.00889158
 -0.0428079   0.06475395 -0.01471305  0.03196231 -0.08962514  0.01414996
  0.0138283  -0.02043542 -0.01380715 -0.04422622 -0.09842787  0.02726
  0.04137886  0.0184002   0.03000497  0.03346895 -0.00348804  0.03475536
 -0.05561772  0.01346715  0.03915738 -0.0146372   0.06908345  0.05006935
 -0.06254652 -0.05977364 -0.03700476 -0.06422812 -0.04910799  0.01456947
 -0.01193889  0.01575851  0.03600058  0.00162425  0.00052514  0.01852278
 -0.06547298  0.0365222   0.07916445  0.03025808 -0.04196329 -0.04783339
 -0.01538055 -0.05869573 -0.05961878  0.01764511 -0.0166051  -0.02663768
  0.03030188  0.00931619 -0.00527488 -0.02086102  0.02266558  0.11140521
 -0.02713938 -0.06013257 -0.03266043 -0.03802711  0.01610248  0.0183068
  0.01750256 -0.04623869 -0.0419971  -0.01447722 -0.01850744 -0.04799406
  0.01666914 -0.00911097  0.04600088  0.07606959  0.00304746  0.00021713
  0.02088726  0.07849223 -0.05320817  0.0265011  -0.06956266 -0.02229458
  0.044022   -0.04653859  0.03981585  0.02767666  0.00782654  0.02297443
  0.04522194 -0.04794803  0.04946427 -0.03001877  0.01649847  0.05391743
  0.06346537 -0.03236644  0.00318769 -0.01089239  0.08564129  0.00413268
 -0.00891172  0.01377417  0.02534528 -0.00117786  0.07573565 -0.00297031
  0.04872089 -0.04397707  0.0140531   0.0039301  -0.01761354  0.02026949
 -0.01363195  0.0002001   0.04320831 -0.06591773  0.01697798  0.0398506
 -0.04315026 -0.0537274  -0.01806298 -0.03680866 -0.15516728  0.06849908
 -0.02802017 -0.02558351  0.04829001 -0.00720844 -0.05257627 -0.0069425
 -0.10176164 -0.00979482 -0.01747617  0.05593307 -0.08064464 -0.00373666
 -0.02153819  0.06242432 -0.03396081  0.04688264  0.01779474 -0.04315996
  0.06559822  0.05574364 -0.02252589 -0.01318203 -0.06059727 -0.00701061
 -0.0512271   0.03335009 -0.05213144  0.00282018  0.02150994 -0.07345267
 -0.02978286  0.00824485  0.04405443 -0.01977266 -0.03923767 -0.00663789
 -0.03347258  0.0271632  -0.0437514  -0.00450928 -0.0229785  -0.0094378
  0.04137156  0.00100804 -0.03196208 -0.07169975 -0.00057297 -0.03876997
  0.09672473 -0.02592506  0.05319229 -0.01041124 -0.04727865  0.00900647
 -0.02201981  0.00986009  0.11594333 -0.00179677 -0.02881836 -0.11618072
  0.09480558  0.07544001 -0.00363598 -0.02419334  0.00960874  0.01110532
 -0.04712023  0.01199613 -0.0461017  -0.04662133 -0.0685944   0.05116913
  0.00018885 -0.0094135   0.03527196 -0.03646109 -0.06118763  0.06393328
 -0.02808633 -0.03593665 -0.05663722 -0.01167651 -0.00941187 -0.01702192
 -0.04423027 -0.03227759 -0.03477067 -0.04016081  0.00382754  0.01846084
 -0.01136311  0.01460739 -0.11825929 -0.05933424  0.01057827  0.04284169
  0.01758389  0.03436748 -0.10650487  0.00696049 -0.01432471 -0.084224
  0.04918856  0.00506831 -0.05425585 -0.01005433 -0.07740799  0.04024697
 -0.06923497  0.05271781  0.0525163   0.06250676  0.04155743  0.01584924
  0.04225043 -0.01908182 -0.05249764 -0.03799456 -0.03573234 -0.04576507
 -0.05764224 -0.05286279 -0.02893176 -0.04691162 -0.02116526 -0.04898642
 -0.02172797  0.06113173  0.07612551  0.01796847  0.01941791  0.00722016
  0.07500335  0.02900373 -0.07154504 -0.0425768   0.03032092  0.02125898
 -0.06940451 -0.0047504  -0.02256935 -0.00543284 -0.00225709 -0.07898083
  0.02682776 -0.02591387  0.00783237  0.04596888 -0.00860697  0.05462694
  0.02206628 -0.03519246 -0.02757275  0.01040027  0.08368306  0.02876719
  0.06636745 -0.00038433  0.03646604 -0.01796488  0.02102337 -0.0200395
 -0.00076245 -0.01097544]"
http://i.imgur.com/aiMukAl.jpg,"[""[You should be paying attention in class. It's your best shot at avoiding being shot for selling cigarettes on the curb]"", ""[I can't tell if that's a dimple on his right cheek, or a bullet hole.]""]","[ 2.68224124e-02 -2.97561232e-02 -2.92936116e-02  2.13077292e-02
 -6.25641970e-03 -7.60147721e-03  1.47646479e-02  2.76266839e-02
  8.46805796e-03 -4.90553677e-02 -3.75011116e-02 -2.59886794e-02
  6.65438268e-03 -9.51567944e-03 -1.93325221e-03  5.36852144e-02
  4.39548045e-02  1.99926490e-05 -1.86870787e-02  2.44171303e-02
 -2.00536400e-02  3.91161721e-03  2.22862232e-02  8.84657577e-02
  2.44135987e-02  5.38329072e-02  2.33385600e-02 -3.80073972e-02
  2.66104713e-02  9.07370448e-03 -9.40303504e-02  3.25359218e-02
 -7.12854862e-02 -9.20973136e-04 -1.53563609e-02  4.63698916e-02
 -3.07205506e-02 -2.48449892e-02 -1.82160130e-03  2.42377203e-02
  4.08887118e-02 -3.07093430e-02 -1.53652029e-02 -4.47263718e-02
  1.21023860e-02  1.58595126e-02 -1.44909089e-02  6.52936101e-02
 -6.36168793e-02  1.00694560e-01  2.06980091e-02  3.40961362e-03
  1.79945864e-02  1.09953336e-01 -3.74278650e-02  7.09305145e-03
 -1.31898811e-02  2.75936699e-03  8.56567770e-02 -4.59675156e-02
  6.82808757e-02  9.06706136e-03  2.87635904e-02  3.52094658e-02
 -9.26332641e-03  4.71935831e-02 -7.82720745e-03 -4.51704441e-03
  5.41954935e-02  3.48902978e-02 -3.81728858e-02 -1.39461057e-02
 -6.87643699e-03  7.63799697e-02 -6.22681826e-02  5.94454966e-02
 -6.23246804e-02 -5.41798323e-02 -4.22887430e-02 -4.11170907e-02
  1.17543258e-01  6.25377819e-02 -4.64133993e-02 -7.90793728e-03
  1.45863937e-02  1.18484031e-02  4.71707135e-02 -5.60518131e-02
  1.83664188e-02 -3.62001248e-02  4.48105037e-02  3.77605669e-02
  5.67251667e-02 -1.06596267e-02  4.10017893e-02  3.71382236e-02
 -6.97472543e-02 -5.62035702e-02 -7.38301203e-02 -4.25315090e-02
 -6.58487761e-03 -5.65264933e-02 -5.59826493e-02 -3.05602374e-03
 -5.55614829e-02 -2.85057747e-03  3.65993343e-02 -1.22306030e-02
 -9.25958976e-02 -5.08618094e-02 -1.93397664e-02 -2.94706803e-02
 -2.68122889e-02 -2.86165569e-02  7.07258703e-03 -8.63313302e-02
 -4.22030203e-02 -6.14885380e-03 -1.00456409e-01 -2.94072647e-02
 -1.86531246e-02  4.79168594e-02  2.94649731e-02 -1.02135792e-01
 -3.20976926e-03 -4.93510440e-02 -4.98979725e-03 -1.37636333e-03
 -5.50450273e-02 -8.44979938e-03 -5.70802316e-02 -6.32431880e-02
 -8.21469799e-02 -5.39610237e-02 -9.00530070e-02 -2.83784475e-02
 -8.92320741e-03 -1.94147807e-02  2.74290740e-02  8.05955753e-02
  4.90724966e-02  1.00147966e-02  2.62379218e-02  3.72332186e-02
  1.85051805e-03  1.75143627e-03  7.00928047e-02  3.66302058e-02
 -5.56125790e-02 -3.06189340e-02  4.04814258e-02 -1.80640183e-02
 -6.32189661e-02  1.52055016e-02  7.86110014e-03 -3.19497194e-03
 -6.55894503e-02  6.08788319e-02  4.99340631e-02  1.57544017e-02
  5.13649732e-02  5.67179697e-04  6.82985550e-03  4.37240526e-02
  1.42517071e-02  7.54548283e-03 -6.64190799e-02 -3.65487710e-02
  2.55908351e-02 -3.68396193e-02 -2.04985626e-02  1.70871743e-03
  1.01200920e-02 -1.61703639e-02  1.06774583e-01  8.33579749e-02
 -3.02749742e-02  1.42051103e-02 -4.44599912e-02  2.62705237e-02
 -9.79586989e-02 -2.41719391e-02 -7.05301240e-02 -4.90343273e-02
 -3.37494016e-02 -2.47038919e-02  3.74869746e-03  8.89581814e-03
 -8.84464849e-03 -3.11519932e-02  7.97619969e-02 -4.35359403e-03
  7.03553706e-02 -6.30768239e-02 -5.28379204e-03 -5.69312051e-02
 -1.35086300e-02 -3.87481451e-02 -7.61986822e-02 -6.83550164e-03
  4.99274619e-02  5.60365655e-02  1.68752503e-02  4.10423055e-02
  6.87515885e-02  2.52882186e-02  3.83561999e-02 -2.07977816e-02
 -1.82415172e-02  2.35207658e-02  6.36141300e-02  1.23230759e-02
 -3.70128974e-02  2.11499855e-02 -2.01249011e-02 -2.29979623e-02
 -1.19218137e-02  2.12036148e-02 -6.10415190e-02  2.26942897e-02
 -3.39579470e-02 -6.07368127e-02 -5.43969013e-02 -8.43105465e-03
  2.11262014e-02  3.52825150e-02  5.70855383e-03  6.11680150e-02
 -6.81822747e-02 -3.03470455e-02  3.50196697e-02 -8.22450314e-03
  5.31726936e-03 -7.02562034e-02 -2.37782355e-02  4.59878221e-02
  4.29082988e-03 -2.00459082e-03 -5.02128862e-02  1.92971714e-02
  1.23289283e-02  1.29400473e-02 -4.74499241e-02  6.10457696e-02
  3.80657576e-02  4.37508784e-02  1.18012689e-02 -1.42712174e-02
 -1.60745792e-02  2.54692473e-02 -6.28345460e-02  4.09949645e-02
 -4.24501710e-02  3.87424603e-02  4.44943346e-02 -2.95712128e-02
 -5.44603765e-02 -2.19557174e-02 -9.52633545e-02  1.03001572e-01
  3.42564099e-02 -6.49088919e-02  4.97428328e-02 -8.76074284e-02
 -9.44499299e-02 -5.98195288e-03  1.08048636e-02 -2.99530197e-02
 -6.61059543e-02 -3.44261043e-02 -5.63935423e-03 -1.95422769e-02
  3.19462530e-02  3.27404365e-02  4.15157750e-02  2.95264199e-02
 -2.47087572e-02 -3.22085358e-02  4.34276946e-02 -2.02549621e-02
 -5.84242642e-02 -3.06816548e-02 -2.47957092e-02 -4.63141352e-02
 -4.95491326e-02 -6.35223754e-04  1.34250810e-02  5.25581129e-02
 -5.47668226e-02 -2.21284106e-02 -3.68386060e-02  4.39305231e-02
  5.87540008e-02 -1.57520100e-02  2.52508931e-02 -7.97393471e-02
 -2.93347854e-02 -5.26413671e-04 -3.03224735e-02 -2.17540730e-02
  5.63889295e-02 -5.48795462e-02  6.62257746e-02  2.70349421e-02
  5.68943508e-02  2.07188986e-02 -4.83025946e-02 -2.99309790e-02
  4.62842360e-02  2.44922210e-02  2.03704070e-02  3.20759532e-03
  1.92509126e-02  4.41994965e-02 -1.32362861e-02  2.13159230e-02
 -5.51969483e-02  7.65330642e-02  1.15737030e-02  4.53068438e-04
  3.09474189e-02  2.02500708e-02  2.14428618e-03  1.85016561e-02
 -3.86623032e-02  4.91670482e-02 -1.30947195e-02  1.03441738e-02
 -8.45499709e-02  2.10288912e-03  1.95611436e-02 -6.40747696e-02
 -2.99833249e-03  3.43007706e-02  4.66553122e-02 -9.50776879e-03
  3.20006013e-02 -2.51412522e-02  7.98075870e-02 -2.90349144e-02
  9.55826882e-03  8.86113942e-03  5.32455109e-02 -9.34148952e-02
  3.30713131e-02 -6.23612143e-02  3.59133929e-02  8.48824158e-02
 -2.42734849e-02  2.27952283e-02 -2.57487949e-02  1.07774502e-02
 -4.04376425e-02 -5.07818945e-02 -1.07985102e-01  9.36019421e-02
  9.65362266e-02 -9.62877274e-02  2.66488325e-02  3.71214747e-02
  2.74142511e-02  2.11954787e-02  7.74196610e-02  7.47552365e-02
  1.36525454e-02  3.26503254e-02  4.98248115e-02  1.48432720e-02
  4.41250168e-02 -6.27484396e-02 -8.19170475e-03  6.37600720e-02
  3.48830931e-02 -9.83827189e-03 -3.52007942e-03  1.39284059e-01
 -5.05914539e-02 -4.48189229e-02 -1.65269077e-02 -2.47178040e-02
  2.82601994e-02  1.90629866e-02  4.36360538e-02  4.14631516e-02
  9.55832601e-02 -2.88635772e-02 -1.19798733e-02  6.17065653e-02
 -4.53469977e-02 -3.60534415e-02  7.38503709e-02  1.00586247e-02
 -3.38032916e-02 -3.70633788e-02 -1.02791123e-01 -5.22747710e-02
  1.97634511e-02  7.21714320e-03 -5.65811619e-02 -1.65613426e-03
 -3.81502211e-02 -2.34246836e-03 -3.26502584e-02  1.70400180e-02
 -7.52564520e-02 -2.57540196e-02  4.50017443e-03 -3.33937258e-02
  3.92304920e-02 -1.04203206e-02  1.41100045e-02 -1.59026980e-02
 -1.07315890e-02 -4.95915785e-02 -4.81582573e-03 -2.34911554e-02
 -9.87596624e-03 -8.91913939e-03  1.59977861e-02 -4.33989093e-02
 -3.77170891e-02 -2.04471536e-02 -1.68076288e-02  7.35646673e-03
 -2.12858096e-02 -4.40352634e-02  9.42036659e-02  5.60717192e-03
  2.60868706e-02 -7.54689947e-02  2.83701103e-02  7.58511107e-03
  1.47052361e-02 -5.28144129e-02  3.14229019e-02  1.63663656e-03
  2.80788597e-02 -5.34927845e-02  7.13477656e-02 -2.45588589e-02
 -8.17858800e-02 -2.67274454e-02 -4.92944494e-02  1.09670445e-01
 -6.73804283e-02  6.61237761e-02  2.07879040e-02  6.99998960e-02
  1.59642678e-02  1.29325017e-02 -5.40525094e-02 -3.63535099e-02
 -1.04001909e-02 -1.00183643e-01  1.01207951e-02  3.92741524e-02
  2.74763983e-02 -6.51856279e-03 -3.89349759e-02  3.07025220e-02
 -4.12910171e-02  6.75627263e-03 -1.21508855e-02  7.79917315e-02
 -1.02054961e-02 -6.00033859e-03  6.94195833e-03 -1.89253734e-03
  3.87032218e-02  3.05842725e-03  2.71681231e-02  3.41850780e-02
  1.21060910e-03  2.60857884e-02 -2.66942028e-02  5.79145439e-02
  1.84316596e-03  1.03816546e-01 -6.02595322e-02 -8.40040594e-02
  3.51265781e-02 -3.98714282e-02  5.12932204e-02  2.19457764e-02
 -2.47363634e-02  2.28619352e-02 -5.46392985e-02  4.67884205e-02
  1.90695245e-02  2.46658782e-03  1.91871952e-02 -5.30592985e-02
  5.09297028e-02 -6.33044839e-02  3.53907011e-02 -4.47117239e-02
 -3.65882966e-04 -5.08065559e-02  2.88220961e-02 -3.37610841e-02
  2.00345088e-02 -9.87053569e-03 -4.36592922e-02 -2.86271010e-04
  4.09890376e-02  6.21917546e-02  1.30896606e-02  1.95814054e-02
 -3.05140037e-02  1.99975781e-02  1.99222956e-02 -4.26360220e-02]"
http://i.imgur.com/TJ8Bm50.jpg,"[""[Do you die a little inside everytime you realize your parents would rather put up pictures of the dogs than you cause at least they aren't ashamed of the dogs]"", ""[Everything about you is wrong. You are even living in the wrong decade. It's not normal, dude. ]"", '[Was not prepared for that zoom capability. Damn near gave me a heart attack.]', '[you were dealt the worst possible cards in life. god damn]']","[-0.01196932 -0.06554247 -0.07640088 -0.02737876 -0.00473727 -0.11559017
  0.04580403  0.02972382  0.02396745  0.01252888  0.04575485  0.05232136
  0.04021522 -0.00036133 -0.01852052  0.08096995  0.07626998  0.07805843
 -0.01937283  0.08734951  0.0048397   0.01373507  0.04676634 -0.02278262
 -0.02917323 -0.11882303 -0.02810231 -0.04931032  0.01272332  0.05183618
 -0.02808834  0.00764218  0.01895422 -0.02777322  0.01906109 -0.02459681
 -0.02569841 -0.0070635   0.03723476  0.03596126 -0.03315506  0.0078267
 -0.05375765 -0.0218118  -0.04613375  0.03478881 -0.01132923  0.03944686
 -0.06923994  0.1200462  -0.06661545 -0.04716628  0.01843423  0.03224622
 -0.0900145  -0.06449434 -0.04103468  0.05982988 -0.02813142 -0.0072843
 -0.00857591  0.07372386 -0.00973988  0.08901913 -0.00324365 -0.04005041
  0.00611295 -0.04034108  0.03743108 -0.0085875  -0.01342918 -0.02464581
 -0.00480309  0.0149823  -0.05975563 -0.01054053  0.00713471  0.00451079
  0.04351615 -0.04065693  0.00849881  0.01621758 -0.05585257 -0.05077637
  0.06709731 -0.05081762  0.06253397  0.06323195 -0.08157205 -0.07685328
  0.01255093 -0.05165585 -0.0002274  -0.06166054  0.01447585 -0.03625505
 -0.00060922 -0.04263208 -0.08244724  0.05227729 -0.01620195  0.07300009
 -0.03134201  0.04578585  0.04391038 -0.03560122 -0.00044959  0.05485288
  0.06539234 -0.02335862  0.03420646 -0.00445967 -0.01492355 -0.09385078
  0.00425902 -0.0043818   0.02050329  0.06761907  0.00659852  0.01657978
  0.01970817 -0.01554319 -0.01720812 -0.04340206 -0.00429996  0.05696847
 -0.00299428 -0.02824116 -0.09205148 -0.02270651 -0.03740768 -0.06678198
 -0.03570445 -0.07333174  0.02108445 -0.00593851 -0.04595118  0.03311594
  0.08229951 -0.00466856 -0.00354622  0.0598925  -0.02728084  0.05983026
 -0.02721644  0.04423702 -0.03907843  0.04122216 -0.01284343  0.00860483
  0.01607428 -0.03982901 -0.00995879 -0.01078192  0.08145358 -0.00863479
 -0.0506188   0.07004353 -0.03150937  0.01762313 -0.04126929  0.03051199
  0.02090994  0.05781702  0.04436418  0.02526398 -0.01577419  0.02990044
 -0.01840525 -0.0546882  -0.07113694 -0.08411385  0.00633897 -0.01561836
  0.01456837  0.04633019 -0.04380414 -0.01270403  0.02310582 -0.00729646
 -0.04892062 -0.08011469  0.03666859  0.01543653  0.0454144   0.01779813
  0.00034318 -0.02719952 -0.10632116 -0.05777897  0.00084351 -0.06258043
  0.06452086 -0.00112128  0.11387379 -0.00427491 -0.05546337  0.02874301
  0.03751623  0.03644979  0.05397642 -0.00466853  0.01068282 -0.0807032
  0.02808387  0.03273803 -0.01385109 -0.01569177  0.00865044 -0.02305549
 -0.01312456  0.05716319 -0.07066391 -0.04599065 -0.03608093  0.00993404
  0.08385809  0.01556007  0.04306054  0.00303146  0.02054351  0.08565327
  0.01715814 -0.0305139   0.085265   -0.0332361   0.01435346  0.03378457
 -0.09163315  0.02413282 -0.03309324  0.0001818   0.05288387 -0.05539449
 -0.02672521  0.07180606  0.03768063 -0.05247551 -0.00196737  0.0028544
  0.03504067 -0.04142351  0.0142082   0.02116462  0.05661567  0.012443
 -0.06201976 -0.00392238 -0.00160456 -0.03540678 -0.01726701  0.02254424
 -0.01173239  0.04620013 -0.02849816 -0.06241962  0.01015673 -0.05907869
 -0.06612688  0.05967115 -0.04893562 -0.07301482 -0.02357245  0.00837313
 -0.06103197 -0.02412149  0.00902401 -0.04558977 -0.00066436 -0.03856543
 -0.02330586 -0.00685067  0.04213753  0.01562506 -0.08460395  0.01709087
 -0.0188728  -0.04378957 -0.02452295 -0.07791873 -0.00106451  0.03294688
  0.05118963  0.0296976   0.05917834 -0.0076035   0.12740509 -0.03938043
 -0.07550322 -0.08414479 -0.09964833 -0.01570672  0.05265164 -0.01556649
  0.00992118 -0.04691413  0.00903215  0.01410052  0.01637345  0.03309906
  0.11557714  0.02559462 -0.03742196  0.04591287 -0.0311763   0.04311616
 -0.05842726 -0.10615818 -0.01853477  0.00053709  0.02131059  0.00563095
 -0.00548948 -0.04733264  0.00149158 -0.01089956 -0.01107506  0.03122829
  0.01934372 -0.11227189 -0.0449792   0.00861067 -0.02423647  0.01968431
 -0.01548194  0.06010981 -0.02485785  0.04849946  0.02697571 -0.02249281
 -0.0033448   0.03358062 -0.03362416  0.02006266  0.02633048  0.02979642
  0.02370266 -0.04203386 -0.03716631  0.04161634  0.05508996 -0.01436797
 -0.02166956  0.00475617  0.06369611  0.01359752 -0.00347218  0.00364454
  0.02694697 -0.00199852  0.05703143 -0.0080135  -0.00468417  0.02041123
 -0.02759712  0.02557877  0.03201931 -0.01651847  0.02096482  0.02073959
  0.01622803  0.01193745 -0.05602403  0.0519119   0.03029944  0.05754875
  0.02407109  0.02111823 -0.01846853 -0.02707948 -0.10181012  0.05439689
  0.01512206  0.04745769  0.06040387  0.02569798 -0.05270746 -0.0302842
 -0.03523179 -0.01499012  0.03463792  0.03211905 -0.00708209  0.02323985
  0.07517377  0.00450238  0.02244347  0.06311102 -0.04013801  0.02452355
  0.06253225  0.04771341 -0.07787995 -0.05239945 -0.00349859 -0.01955548
  0.00197644 -0.05671177  0.03153107 -0.0227421   0.02671087 -0.00197477
  0.04462875  0.00638451  0.00999162 -0.05492435 -0.02293924 -0.00718612
 -0.01237501 -0.13762878  0.02577553 -0.04736437 -0.07334696 -0.02973343
 -0.11521008  0.01538597  0.04276434  0.0506829   0.02611937 -0.04191157
  0.03347459 -0.03483022 -0.0353278   0.06785738  0.00210232 -0.02265035
  0.09875945 -0.02674257 -0.07830657  0.0594386  -0.04901259  0.01463905
  0.02359484  0.00688636  0.0115381  -0.03086115 -0.01836794 -0.05416944
 -0.03333221 -0.017673   -0.02079008 -0.06724378  0.07315882  0.0810551
  0.00295056 -0.0443145   0.05618132  0.02568729  0.00223101  0.04707174
  0.00092839 -0.03791917  0.01968313  0.02267959  0.03663118  0.01188713
 -0.00321498  0.00922237 -0.06094537  0.06701032  0.03507844 -0.01436593
  0.00486622 -0.03523729  0.0226349   0.10242374  0.06566264 -0.01130387
  0.0029598   0.02581706  0.04713274  0.00677911  0.02156592 -0.00928682
 -0.05861716  0.04499118 -0.05794606  0.01096839  0.01419582 -0.03254081
  0.03639735 -0.07018095  0.01935483 -0.00612565  0.01995907  0.04045124
  0.02127013 -0.01017527  0.09736969 -0.01276368  0.05775418 -0.02524929
 -0.04657276 -0.01472798  0.07937413 -0.04162687  0.04105157  0.02413214
 -0.00845331 -0.06724916 -0.05700339  0.01156194  0.00061185  0.03236321
  0.05259089  0.03918545  0.00034099  0.0582104  -0.05185065 -0.00995689
 -0.02918719 -0.00711981]"
